Capacidad,Anho, Modelo,Placa
18,2009,wjiv,637vpnq8d8
15,2007,fncp,1e5g1s82w2
17,2007,llxuo,82143v2172
16,2007,flxraen,tk99w07x9j
15,2009,uqev,qwx5fm9g14
19,2011,mkg,6js970390d
18,2010,ixgj,ff846e161i
19,2008,csnorg,k0je235j2q
15,2009,cled,gcp6d6cfi6
19,2013,pawimwuvaw,qrrir0371h
15,2007,wlhtawuuv,t5d06vsm3k
15,2008,okhtagnlw,4fc3h2652s
17,2010,porp,d57o4t8x02
17,2012,vndf,j1gt0974q6
17,2010,swqg,hc3gi58653
17,2008,plwn,u8mo4io663
16,2007,sthpgel,43g29m751q
19,2008,bgkqhaw,be4066fg87
17,2012,jpdcf,7noi2j3lst
15,2007,jbmvigu,uor703l050
16,2009,suv,ja2saq9872
15,2007,cdgo,7h13999vl0
19,2012,qahxsu,3lqj1q114p
16,2011,hhpl,68v3k2rbsi
17,2008,sid,m68o1h64fk
19,2013,ppvpmwmih,hoc13tqn10
18,2007,xbhb,62e66o88ei
18,2010,exmogj,73m027s63t
19,2012,gpnx,m3d8pe876m
15,2011,rdiwpg,jqxgc781dn
17,2012,hcqtcrhl,gl27642271
17,2013,qpjh,7ov3ae77nd
17,2012,tiswsnbku,80qrpkh8o6
16,2011,tbmbpn,vp47k39f27
18,2010,kexvmaj,dap7pgbswa
18,2011,dchwl,37405c0xw3
17,2007,gtdgsgh,dd0n15wq86
16,2010,iver,u592u4uu43
15,2013,lndptn,433939bvap
17,2010,sta,5hjad9h85f
