nombre,descripcion,AgenciaNombre
Limpieza,Limpieza,Chiclayo
Limpieza,Limpieza,Chimbote
Limpieza,Limpieza,Lima
Limpieza,Limpieza,Plaza Norte
Limpieza,Limpieza,M치ncora
Limpieza,Limpieza,Los Organos
Limpieza,Limpieza,Paita Terminal
Limpieza,Limpieza,Paita
Limpieza,Limpieza,Piura Terminal
Limpieza,Limpieza,Sullana
Limpieza,Limpieza,Talara
Limpieza,Limpieza,Oficina Juan Pablo
Limpieza,Limpieza,Terrapuerto Trujillo
Limpieza,Limpieza,Oficina Bolivar
Limpieza,Limpieza,Tumbes
Ventas,Ventas,Chiclayo
Ventas,Ventas,Chimbote
Ventas,Ventas,Lima
Ventas,Ventas,Plaza Norte
Ventas,Ventas,M치ncora
Ventas,Ventas,Los Organos
Ventas,Ventas,Paita Terminal
Ventas,Ventas,Paita
Ventas,Ventas,Piura Terminal
Ventas,Ventas,Sullana
Ventas,Ventas,Talara
Ventas,Ventas,Oficina Juan Pablo
Ventas,Ventas,Terrapuerto Trujillo
Ventas,Ventas,Oficina Bolivar
Ventas,Ventas,Tumbes
Conductores,Conductores,Chiclayo
Conductores,Conductores,Chimbote
Conductores,Conductores,Lima
Conductores,Conductores,Plaza Norte
Conductores,Conductores,M치ncora
Conductores,Conductores,Los Organos
Conductores,Conductores,Paita Terminal
Conductores,Conductores,Paita
Conductores,Conductores,Piura Terminal
Conductores,Conductores,Sullana
Conductores,Conductores,Talara
Conductores,Conductores,Oficina Juan Pablo
Conductores,Conductores,Terrapuerto Trujillo
Conductores,Conductores,Oficina Bolivar
Conductores,Conductores,Tumbes
Asistentes,Asistentes,Chiclayo
Asistentes,Asistentes,Chimbote
Asistentes,Asistentes,Lima
Asistentes,Asistentes,Plaza Norte
Asistentes,Asistentes,M치ncora
Asistentes,Asistentes,Los Organos
Asistentes,Asistentes,Paita Terminal
Asistentes,Asistentes,Paita
Asistentes,Asistentes,Piura Terminal
Asistentes,Asistentes,Sullana
Asistentes,Asistentes,Talara
Asistentes,Asistentes,Oficina Juan Pablo
Asistentes,Asistentes,Terrapuerto Trujillo
Asistentes,Asistentes,Oficina Bolivar
Asistentes,Asistentes,Tumbes
